{
"input_si_sdr": 0.040666401386260986,
"input_sdr": 0.08657946508960429,
"input_sir": 0.08657946508962977,
"input_sar": 144.7839350425572,
"input_stoi": 0.7307738366744998,
"input_pesq": 1.6394872665405273,
"si_sdr": 19.20246982574463,
"sdr": 19.43649295093266,
"sir": 32.32471959431291,
"sar": 19.67164409957307,
"stoi": 0.9721388411263139,
"pesq": 3.2135969400405884,
"mix_path": "/mnt/data/wham/wav8k/min/tt/mix_clean/442o030z_0.55178_447o0311_-0.55178.wav"
}