{
"input_si_sdr": -0.00027339160442352295,
"input_sdr": 0.12020998460589527,
"input_sir": 0.12020998460592852,
"input_sar": 144.6079664595175,
"input_stoi": 0.8113545983594447,
"input_pesq": 2.0724469423294067,
"si_sdr": 18.94513702392578,
"sdr": 19.50789917561945,
"sir": 28.562378578217128,
"sar": 20.093171168152214,
"stoi": 0.9906349304914626,
"pesq": 3.5354782342910767,
"mix_path": "/mnt/data/wham/wav8k/min/tt/mix_clean/422c0214_0.81884_440c0213_-0.81884.wav"
}