{
"input_si_sdr": -0.008286476135253906,
"input_sdr": 0.07842656408171078,
"input_sir": 0.07842656408174586,
"input_sar": 144.40378201439415,
"input_stoi": 0.7153916250506658,
"input_pesq": 1.668183445930481,
"si_sdr": 16.621517181396484,
"sdr": 16.977375428547642,
"sir": 27.309762877281166,
"sar": 17.408275756140434,
"stoi": 0.966686989506041,
"pesq": 3.1826192140579224,
"mix_path": "/mnt/data/wham/wav8k/min/tt/mix_clean/423c020u_1.3686_441o030o_-1.3686.wav"
}