{
"input_si_sdr": -0.12661170959472656,
"input_sdr": 0.006536595766990727,
"input_sir": 0.006536595767040909,
"input_sar": 143.6755101377363,
"input_stoi": 0.7174523096805234,
"input_pesq": 1.752587080001831,
"si_sdr": 17.596217155456543,
"sdr": 17.907988983382058,
"sir": 28.72204189625607,
"sar": 18.290764808057254,
"stoi": 0.9629901330988647,
"pesq": 3.5381662845611572,
"mix_path": "/mnt/data/wham/wav8k/min/cv/mix_clean/025o031a_1.0967_01aa0114_-1.0967.wav"
}