{
"input_si_sdr": -0.07046902179718018,
"input_sdr": 0.08214308215113131,
"input_sir": 0.08214308215116128,
"input_sar": 144.78169948610412,
"input_stoi": 0.704793881241866,
"input_pesq": 1.5627297163009644,
"si_sdr": 16.192734718322754,
"sdr": 16.62249772492587,
"sir": 26.64474491691358,
"sar": 17.205889197251825,
"stoi": 0.9567635791351992,
"pesq": 3.044799327850342,
"mix_path": "/mnt/data/wham/wav8k/min/tt/mix_clean/446o030g_0.397_445c020d_-0.397.wav"
}