{
"input_si_sdr": -0.06179237365722656,
"input_sdr": 0.30108218128924236,
"input_sir": 0.301082181289301,
"input_sar": 143.58098487123866,
"input_stoi": 0.7106523982268851,
"input_pesq": 1.7178881168365479,
"si_sdr": 14.280527591705322,
"sdr": 14.774526430782377,
"sir": 24.901941532321274,
"sar": 15.24158510752492,
"stoi": 0.9348049766444853,
"pesq": 2.926530361175537,
"mix_path": "/mnt/data/wham/wav8k/min/tt/mix_clean/420a010n_2.4734_444o030v_-2.4734.wav"
}