{
"input_si_sdr": 0.005158901214599609,
"input_sdr": 0.08657031639655788,
"input_sir": 0.08657031639660318,
"input_sar": 144.00355900394322,
"input_stoi": 0.7695409169746144,
"input_pesq": 1.7782595753669739,
"si_sdr": 19.196131706237793,
"sdr": 19.470022464232674,
"sir": 31.572228971720264,
"sar": 19.764355607480095,
"stoi": 0.9669956429257595,
"pesq": 3.335642695426941,
"mix_path": "/mnt/data/wham/wav8k/min/tt/mix_clean/053o020b_1.6731_22gc010q_-1.6731.wav"
}