{
"input_si_sdr": 0.026233196258544922,
"input_sdr": 0.24124596299851397,
"input_sir": 0.2412459629985495,
"input_sar": 145.05502324375556,
"input_stoi": 0.7332395671384342,
"input_pesq": 1.7544358372688293,
"si_sdr": 18.374107360839844,
"sdr": 18.8238379021351,
"sir": 28.880892478552937,
"sar": 19.281489723564306,
"stoi": 0.9817048420604988,
"pesq": 3.366917133331299,
"mix_path": "/mnt/data/wham/wav8k/min/tt/mix_clean/442o030w_0.78345_051c0102_-0.78345.wav"
}