{
"input_si_sdr": 0.12652510404586792,
"input_sdr": 0.19111381826563822,
"input_sir": 0.19111381826566143,
"input_sar": 145.63293929582397,
"input_stoi": 0.7488114075298979,
"input_pesq": 1.609300971031189,
"si_sdr": 16.80025577545166,
"sdr": 17.191014107660536,
"sir": 27.877193172883786,
"sar": 17.595743629660916,
"stoi": 0.9600788362286734,
"pesq": 3.174620270729065,
"mix_path": "/mnt/data/wham/wav8k/min/tt/mix_clean/051a050g_1.4274_050o020d_-1.4274.wav"
}