{
"input_si_sdr": -0.005755305290222168,
"input_sdr": 0.1280855791716493,
"input_sir": 0.12808557917167795,
"input_sar": 144.1461185374361,
"input_stoi": 0.7632678194286456,
"input_pesq": 1.7450291514396667,
"si_sdr": 15.667394161224365,
"sdr": 16.373003307136944,
"sir": 24.44151197044839,
"sar": 17.19777481141734,
"stoi": 0.9744671508024199,
"pesq": 3.0418444871902466,
"mix_path": "/mnt/data/wham/wav8k/min/tt/mix_clean/445o0308_0.10304_422o0303_-0.10304.wav"
}