{
"input_si_sdr": 0.012176036834716797,
"input_sdr": 0.12027270389393108,
"input_sir": 0.12027270389397016,
"input_sar": 144.77328193383335,
"input_stoi": 0.7392385684645605,
"input_pesq": 2.015312433242798,
"si_sdr": 12.07585334777832,
"sdr": 12.327226928206661,
"sir": 23.293511906737976,
"sar": 12.720036527199063,
"stoi": 0.946307688909287,
"pesq": 2.890143632888794,
"mix_path": "/mnt/data/wham/wav8k/min/cv/mix_clean/20cc0108_1.9806_40fc020o_-1.9806.wav"
}