{
"input_si_sdr": 0.05981135368347168,
"input_sdr": 0.23510655081842602,
"input_sir": 0.235106550818466,
"input_sar": 144.27462019512268,
"input_stoi": 0.7217464837668339,
"input_pesq": 1.614208161830902,
"si_sdr": 17.98291826248169,
"sdr": 18.46881190381355,
"sir": 27.640660120768054,
"sar": 19.041305384212123,
"stoi": 0.9772771920214154,
"pesq": 3.166877031326294,
"mix_path": "/mnt/data/wham/wav8k/min/tt/mix_clean/22gc010m_2.4216_445o030z_-2.4216.wav"
}