{
"input_si_sdr": -0.004446268081665039,
"input_sdr": 0.15720599465860952,
"input_sir": 0.15720599465864038,
"input_sar": 143.91891914726997,
"input_stoi": 0.7478475741906492,
"input_pesq": 1.6267226338386536,
"si_sdr": 17.163427352905273,
"sdr": 17.52833176943874,
"sir": 28.392578874054692,
"sar": 17.906494517253964,
"stoi": 0.96977769278599,
"pesq": 3.318372964859009,
"mix_path": "/mnt/data/wham/wav8k/min/tt/mix_clean/440c020z_0.69169_442c020z_-0.69169.wav"
}