{
"input_si_sdr": 0.007366836071014404,
"input_sdr": 0.3319677807308655,
"input_sir": 0.33196778073089805,
"input_sar": 144.0475877865627,
"input_stoi": 0.7162611894190456,
"input_pesq": 1.4853591322898865,
"si_sdr": 7.224074125289917,
"sdr": 7.963976428523216,
"sir": 14.36343981964263,
"sar": 9.272446576478059,
"stoi": 0.9094480437401042,
"pesq": 2.4826303720474243,
"mix_path": "/mnt/data/wham/wav8k/min/tt/mix_clean/445c020t_0.031898_422a010h_-0.031898.wav"
}