{
"input_si_sdr": -0.05094975233078003,
"input_sdr": 0.06481645382099732,
"input_sir": 0.06481645382103318,
"input_sar": 144.4127745712542,
"input_stoi": 0.7436047747581405,
"input_pesq": 1.7114667892456055,
"si_sdr": 16.028151512145996,
"sdr": 16.350500328464264,
"sir": 26.54549250696219,
"sar": 16.79766124160059,
"stoi": 0.9687779836409611,
"pesq": 3.0785356760025024,
"mix_path": "/mnt/data/wham/wav8k/min/tt/mix_clean/422a010l_1.6002_440c0207_-1.6002.wav"
}