{
"input_si_sdr": -0.04504895210266113,
"input_sdr": 0.15404332438793222,
"input_sir": 0.1540433243879824,
"input_sar": 143.90532710735317,
"input_stoi": 0.6905979431661937,
"input_pesq": 1.502565860748291,
"si_sdr": 15.671559810638428,
"sdr": 16.025289802738,
"sir": 26.354029451661294,
"sar": 16.54585764499159,
"stoi": 0.9669751892187005,
"pesq": 2.967094302177429,
"mix_path": "/mnt/data/wham/wav8k/min/tt/mix_clean/22ho0109_2.3494_423o030r_-2.3494.wav"
}