{
"input_si_sdr": -0.10924530029296875,
"input_sdr": -0.018944260721805217,
"input_sir": -0.01894426072178057,
"input_sar": 144.84395968402936,
"input_stoi": 0.6449681859612799,
"input_pesq": 1.5384680032730103,
"si_sdr": 16.72960376739502,
"sdr": 17.148710188534455,
"sir": 26.076709958863333,
"sar": 17.755523236000258,
"stoi": 0.9148978389173472,
"pesq": 3.4766842126846313,
"mix_path": "/mnt/data/wham/wav8k/min/tt/mix_clean/421c020t_0.43472_050a0506_-0.43472.wav"
}