{
"input_si_sdr": 0.016513943672180176,
"input_sdr": 0.10943299356349834,
"input_sir": 0.1094329935635221,
"input_sar": 144.91071723948772,
"input_stoi": 0.7260053840494292,
"input_pesq": 1.7404645681381226,
"si_sdr": 15.341556549072266,
"sdr": 15.694873347017708,
"sir": 26.154160067786833,
"sar": 16.12478072672646,
"stoi": 0.9666016367468189,
"pesq": 2.971654772758484,
"mix_path": "/mnt/data/wham/wav8k/min/tt/mix_clean/422a010m_1.2976_441o030t_-1.2976.wav"
}