{
"input_si_sdr": -0.00957942008972168,
"input_sdr": 0.24837490815990515,
"input_sir": 0.248374908159942,
"input_sar": 145.17535785903937,
"input_stoi": 0.6406007283253682,
"input_pesq": 1.7283239960670471,
"si_sdr": 17.256733894348145,
"sdr": 17.75928862947058,
"sir": 26.684483904546347,
"sar": 18.36606326168538,
"stoi": 0.9109827341734484,
"pesq": 3.2041293382644653,
"mix_path": "/mnt/data/wham/wav8k/min/tt/mix_clean/22gc010k_2.3419_050c010o_-2.3419.wav"
}