{
"input_si_sdr": -0.005891084671020508,
"input_sdr": 0.32658609582106024,
"input_sir": 0.3265860958210989,
"input_sar": 144.72607844153674,
"input_stoi": 0.7542024904841744,
"input_pesq": 1.8369168043136597,
"si_sdr": -12.735404968261719,
"sdr": -12.720534207049564,
"sir": 26.259538300695503,
"sar": -12.70911911293728,
"stoi": 0.9296544066691494,
"pesq": 3.39023220539093,
"mix_path": "/mnt/data/wham/wav8k/min/tt/mix_clean/050a050s_1.1019_052c010s_-1.1019.wav"
}