{
"input_si_sdr": -0.02430868148803711,
"input_sdr": 0.10362075081902633,
"input_sir": 0.1036207508190623,
"input_sar": 144.62254708358347,
"input_stoi": 0.7361559857600627,
"input_pesq": 1.585356593132019,
"si_sdr": 15.730031967163086,
"sdr": 16.00805406875474,
"sir": 27.162090176704147,
"sar": 16.364789675190842,
"stoi": 0.9719606284795974,
"pesq": 3.0575807094573975,
"mix_path": "/mnt/data/wham/wav8k/min/tt/mix_clean/423c0207_2.2386_444o0310_-2.2386.wav"
}