{
"input_si_sdr": -0.021250486373901367,
"input_sdr": 0.2199490011168015,
"input_sir": 0.2199490011168561,
"input_sar": 144.44739093812058,
"input_stoi": 0.7067555803583777,
"input_pesq": 1.7362806797027588,
"si_sdr": 13.651557445526123,
"sdr": 14.277275902383096,
"sir": 21.23886655117491,
"sar": 15.314021698287949,
"stoi": 0.9229941741944517,
"pesq": 2.5189348459243774,
"mix_path": "/mnt/data/wham/wav8k/min/tt/mix_clean/441o030o_1.9903_445c020y_-1.9903.wav"
}