{
"input_si_sdr": -0.03651285171508789,
"input_sdr": 0.08818550553846538,
"input_sir": 0.08818550553849502,
"input_sar": 143.79164711699534,
"input_stoi": 0.7290119457694606,
"input_pesq": 1.4385148882865906,
"si_sdr": 15.043330192565918,
"sdr": 15.478761319561622,
"sir": 25.367067183957314,
"sar": 15.964211645621374,
"stoi": 0.9628705304752883,
"pesq": 2.9434633255004883,
"mix_path": "/mnt/data/wham/wav8k/min/tt/mix_clean/050c010d_0.87422_051o0204_-0.87422.wav"
}