{
"input_si_sdr": 0.10378336906433105,
"input_sdr": 0.36225835841376464,
"input_sir": 0.3622583584137957,
"input_sar": 144.7849041913057,
"input_stoi": 0.7127386953187904,
"input_pesq": 1.6442217826843262,
"si_sdr": 17.494585514068604,
"sdr": 18.191015494716414,
"sir": 26.957300787362456,
"sar": 18.908810988814885,
"stoi": 0.9701777036670769,
"pesq": 3.1799196004867554,
"mix_path": "/mnt/data/wham/wav8k/min/tt/mix_clean/442c020c_1.808_053a050k_-1.808.wav"
}