{
"input_si_sdr": 0.054289937019348145,
"input_sdr": 0.19720545557680683,
"input_sir": 0.1972054555768245,
"input_sar": 145.47146462161587,
"input_stoi": 0.7543832228654959,
"input_pesq": 1.8209770917892456,
"si_sdr": 18.066694259643555,
"sdr": 18.409245251202204,
"sir": 29.701745103011017,
"sar": 18.782425881514197,
"stoi": 0.9810060545046944,
"pesq": 3.474836230278015,
"mix_path": "/mnt/data/wham/wav8k/min/tt/mix_clean/051c0102_1.5867_420o0305_-1.5867.wav"
}