{
"input_si_sdr": 0.0018919706344604492,
"input_sdr": 0.11354990155278544,
"input_sir": 0.11354990155282918,
"input_sar": 144.26513210487514,
"input_stoi": 0.7311918382052087,
"input_pesq": 1.6594750881195068,
"si_sdr": 13.446736335754395,
"sdr": 13.780304245410228,
"sir": 25.089501217075668,
"sar": 14.136039617860941,
"stoi": 0.9511531489205194,
"pesq": 2.8699883222579956,
"mix_path": "/mnt/data/wham/wav8k/min/tt/mix_clean/422a010x_2.3571_421c0203_-2.3571.wav"
}