{
"input_si_sdr": 5.3048133850097656e-05,
"input_sdr": 0.07808720393017032,
"input_sir": 0.0780872039302003,
"input_sar": 144.40281356321145,
"input_stoi": 0.7241665140507034,
"input_pesq": 1.5398443937301636,
"si_sdr": 17.812296867370605,
"sdr": 18.197561738290336,
"sir": 28.86848026575049,
"sar": 18.59227818460952,
"stoi": 0.968981244778222,
"pesq": 3.136755347251892,
"mix_path": "/mnt/data/wham/wav8k/min/tt/mix_clean/053c010k_0.75182_442o030w_-0.75182.wav"
}