{
"input_si_sdr": 0.03378112614154816,
"input_sdr": 0.09103830234164603,
"input_sir": 0.09103830234168409,
"input_sar": 144.14231723729472,
"input_stoi": 0.7929024720954758,
"input_pesq": 1.6711309552192688,
"si_sdr": 18.326029777526855,
"sdr": 18.54808524458378,
"sir": 31.523917887485705,
"sar": 18.77602247736811,
"stoi": 0.9823733745247805,
"pesq": 3.4217565059661865,
"mix_path": "/mnt/data/wham/wav8k/min/tt/mix_clean/444o030v_0.88043_446c020v_-0.88043.wav"
}