{
"input_si_sdr": 0.01006615161895752,
"input_sdr": 0.13910161391978448,
"input_sir": 0.139101613919824,
"input_sar": 144.70370953008864,
"input_stoi": 0.775228991348723,
"input_pesq": 1.642046570777893,
"si_sdr": 5.626031875610352,
"sdr": 5.904280208727984,
"sir": 14.23585394657885,
"sar": 6.86922579165066,
"stoi": 0.8598095990029493,
"pesq": 1.908786952495575,
"mix_path": "/mnt/data/wham/wav8k/min/tt/mix_clean/422c0215_1.3984_446o0305_-1.3984.wav"
}