{
"input_si_sdr": 0.005610346794128418,
"input_sdr": 0.059395755178277554,
"input_sir": 0.059395755178326515,
"input_sar": 143.68316600324687,
"input_stoi": 0.7349376937098215,
"input_pesq": 1.656861126422882,
"si_sdr": 15.641989707946777,
"sdr": 16.360876616955004,
"sir": 25.35651144330565,
"sar": 17.252781894994747,
"stoi": 0.966895312979237,
"pesq": 3.1270097494125366,
"mix_path": "/mnt/data/wham/wav8k/min/tt/mix_clean/051c010r_0.82037_053c010o_-0.82037.wav"
}