{
"input_si_sdr": 0.041769981384277344,
"input_sdr": 0.10399147760345029,
"input_sir": 0.10399147760348781,
"input_sar": 144.50912975480426,
"input_stoi": 0.793666279235046,
"input_pesq": 1.7740111947059631,
"si_sdr": 18.902137756347656,
"sdr": 19.231809886396555,
"sir": 30.323570581711042,
"sar": 19.591152356982686,
"stoi": 0.983965337735065,
"pesq": 3.4369125366210938,
"mix_path": "/mnt/data/wham/wav8k/min/tt/mix_clean/444o030b_1.4725_22ga010h_-1.4725.wav"
}