{
"input_si_sdr": -0.009759962558746338,
"input_sdr": 0.17974473272082225,
"input_sir": 0.1797447327208581,
"input_sar": 145.39816745327278,
"input_stoi": 0.7392619988002276,
"input_pesq": 1.7039732933044434,
"si_sdr": 11.982052326202393,
"sdr": 12.213286855380254,
"sir": 23.373535352820397,
"sar": 12.763585989438482,
"stoi": 0.9702067063466571,
"pesq": 2.811963200569153,
"mix_path": "/mnt/data/wham/wav8k/min/tt/mix_clean/442c0210_1.5014_444o030n_-1.5014.wav"
}