{
"input_si_sdr": -0.11464309692382812,
"input_sdr": -0.04469598423788179,
"input_sir": -0.04469598423785637,
"input_sar": 144.92060603353758,
"input_stoi": 0.7821650589837047,
"input_pesq": 1.7767420411109924,
"si_sdr": 6.862417221069336,
"sdr": 7.127179658482555,
"sir": 16.01981079920374,
"sar": 8.213934413074668,
"stoi": 0.8954085810755311,
"pesq": 2.1091591119766235,
"mix_path": "/mnt/data/wham/wav8k/min/tt/mix_clean/443c020d_1.445_446o030h_-1.445.wav"
}