{
"input_si_sdr": -0.030031919479370117,
"input_sdr": 0.03853235229759533,
"input_sir": 0.038532352297633965,
"input_sar": 144.03774308248057,
"input_stoi": 0.6912511795018301,
"input_pesq": 1.6858230829238892,
"si_sdr": -3.3727227449417114,
"sdr": -2.4690043466599434,
"sir": 0.6559254308055529,
"sar": 3.2929270133179767,
"stoi": 0.5853454917736564,
"pesq": 1.3527126908302307,
"mix_path": "/mnt/data/wham/wav8k/min/tt/mix_clean/442o030q_0.81936_421a010a_-0.81936.wav"
}