{
"input_si_sdr": -0.0020002126693725586,
"input_sdr": 0.13606541080538193,
"input_sir": 0.13606541080540646,
"input_sar": 144.96716042467025,
"input_stoi": 0.747563244358314,
"input_pesq": 1.5638552904129028,
"si_sdr": 7.9264490604400635,
"sdr": 8.30275698170881,
"sir": 16.396640743853748,
"sar": 9.385813294423233,
"stoi": 0.9346590320650479,
"pesq": 2.2033607959747314,
"mix_path": "/mnt/data/wham/wav8k/min/tt/mix_clean/444c0213_1.3484_442c020o_-1.3484.wav"
}