{
"input_si_sdr": 0.18758153915405273,
"input_sdr": 0.33206877579581073,
"input_sir": 0.3320687757958536,
"input_sar": 143.95534584714085,
"input_stoi": 0.7094088907579923,
"input_pesq": 1.6579359769821167,
"si_sdr": 13.551356315612793,
"sdr": 13.827351399576795,
"sir": 25.067243648263172,
"sar": 14.182580111651129,
"stoi": 0.9361579679259663,
"pesq": 2.6336194276809692,
"mix_path": "/mnt/data/wham/wav8k/min/tt/mix_clean/423o030r_0.55472_22go010c_-0.55472.wav"
}