{
"input_si_sdr": -0.04771548509597778,
"input_sdr": 0.019720825367155803,
"input_sir": 0.019720825367189443,
"input_sar": 145.18152805461608,
"input_stoi": 0.7685717534279164,
"input_pesq": 1.5658154487609863,
"si_sdr": 17.21944808959961,
"sdr": 17.66392826311227,
"sir": 27.32654206772437,
"sar": 18.17003238537663,
"stoi": 0.9774596102322635,
"pesq": 3.1990084648132324,
"mix_path": "/mnt/data/wham/wav8k/min/tt/mix_clean/442c020u_0.62277_22hc010a_-0.62277.wav"
}