{
"input_si_sdr": 0.04635828733444214,
"input_sdr": 0.1718910913101346,
"input_sir": 0.1718910913101731,
"input_sar": 143.8451165507906,
"input_stoi": 0.7463707209866046,
"input_pesq": 1.5582053065299988,
"si_sdr": 16.25717067718506,
"sdr": 16.584221732388425,
"sir": 27.17680623725471,
"sar": 16.98903077630736,
"stoi": 0.9800889172061322,
"pesq": 3.0757157802581787,
"mix_path": "/mnt/data/wham/wav8k/min/tt/mix_clean/423a010s_0.91712_441o030e_-0.91712.wav"
}