{
"input_si_sdr": -0.00647735595703125,
"input_sdr": 0.05136981029033649,
"input_sir": 0.051369810290374684,
"input_sar": 143.79883730849002,
"input_stoi": 0.7029058636786643,
"input_pesq": 1.6451056003570557,
"si_sdr": 16.297636032104492,
"sdr": 16.54239439081031,
"sir": 28.774762555506012,
"sar": 16.82264046396434,
"stoi": 0.974983614945991,
"pesq": 3.2291512489318848,
"mix_path": "/mnt/data/wham/wav8k/min/tt/mix_clean/423c0203_1.0111_441o0306_-1.0111.wav"
}