{
"input_si_sdr": -0.0645388662815094,
"input_sdr": 0.011046016582575813,
"input_sir": 0.011046016582604568,
"input_sar": 143.8398628130196,
"input_stoi": 0.768745577637302,
"input_pesq": 1.4738694429397583,
"si_sdr": 16.57579803466797,
"sdr": 16.773654099079547,
"sir": 28.424690908941553,
"sar": 17.08968875077204,
"stoi": 0.9748192994225013,
"pesq": 3.0078762769699097,
"mix_path": "/mnt/data/wham/wav8k/min/tt/mix_clean/421c020l_0.72652_22hc0101_-0.72652.wav"
}