{
"input_si_sdr": 0.06375515460968018,
"input_sdr": 0.13333984850641922,
"input_sir": 0.13333984850645408,
"input_sar": 144.19841045943247,
"input_stoi": 0.7352131515815098,
"input_pesq": 1.5167531371116638,
"si_sdr": 16.299692630767822,
"sdr": 16.602771838961715,
"sir": 28.12092297750848,
"sar": 16.948945097432905,
"stoi": 0.9773527723603301,
"pesq": 3.2108761072158813,
"mix_path": "/mnt/data/wham/wav8k/min/tt/mix_clean/441c0204_1.2954_051a050i_-1.2954.wav"
}