{
"input_si_sdr": -0.09666562080383301,
"input_sdr": 0.019062034974128617,
"input_sir": 0.01906203497417791,
"input_sar": 143.4675386418814,
"input_stoi": 0.6601533576119356,
"input_pesq": 1.6083690524101257,
"si_sdr": 16.164511680603027,
"sdr": 16.521915230366496,
"sir": 26.56307391337524,
"sar": 16.990202426029043,
"stoi": 0.9223148601679263,
"pesq": 3.4558318853378296,
"mix_path": "/mnt/data/wham/wav8k/min/tt/mix_clean/420a010y_0.441_050a050k_-0.441.wav"
}