{
"input_si_sdr": 0.03269755840301514,
"input_sdr": 0.14382177415919473,
"input_sir": 0.14382177415922093,
"input_sar": 145.02054224915386,
"input_stoi": 0.7610718266690748,
"input_pesq": 1.780421495437622,
"si_sdr": 17.5144100189209,
"sdr": 17.757981555694954,
"sir": 30.18700704532915,
"sar": 18.01839091002349,
"stoi": 0.9742217266154559,
"pesq": 3.2414225339889526,
"mix_path": "/mnt/data/wham/wav8k/min/tt/mix_clean/423c020a_1.6837_445o0308_-1.6837.wav"
}