{
"input_si_sdr": -0.014652550220489502,
"input_sdr": 0.12007534558054378,
"input_sir": 0.12007534558058042,
"input_sar": 144.4288652197098,
"input_stoi": 0.7119489900534262,
"input_pesq": 1.56655615568161,
"si_sdr": 16.250147819519043,
"sdr": 16.603844418231603,
"sir": 27.213974340649024,
"sar": 17.040269475000475,
"stoi": 0.9672122953986229,
"pesq": 3.3498986959457397,
"mix_path": "/mnt/data/wham/wav8k/min/tt/mix_clean/050o020g_0.040762_420a010b_-0.040762.wav"
}