{
"input_si_sdr": 0.24563175439834595,
"input_sdr": 0.3789951171167618,
"input_sir": 0.3789951171167909,
"input_sar": 145.09022330154147,
"input_stoi": 0.7776309637862193,
"input_pesq": 1.8988049030303955,
"si_sdr": 17.157891273498535,
"sdr": 17.509426855170634,
"sir": 28.215479893235255,
"sar": 17.926549941406332,
"stoi": 0.9758482010402529,
"pesq": 3.3024120330810547,
"mix_path": "/mnt/data/wham/wav8k/min/tt/mix_clean/22gc010x_0.61956_052c010a_-0.61956.wav"
}