{
"input_si_sdr": -0.17862200736999512,
"input_sdr": -0.05046292071241365,
"input_sir": -0.050462920712365245,
"input_sar": 144.3710207150276,
"input_stoi": 0.7519353827889252,
"input_pesq": 1.6296141743659973,
"si_sdr": 16.834372520446777,
"sdr": 17.26067244567995,
"sir": 26.166821794154806,
"sar": 17.874703676886206,
"stoi": 0.9711353411270665,
"pesq": 2.966745615005493,
"mix_path": "/mnt/data/wham/wav8k/min/tt/mix_clean/22ga010y_0.37129_441o030i_-0.37129.wav"
}