{
"input_si_sdr": 0.16821670532226562,
"input_sdr": 0.25003253802736225,
"input_sir": 0.2500325380274169,
"input_sar": 144.5219079790049,
"input_stoi": 0.716895683687423,
"input_pesq": 1.6643477082252502,
"si_sdr": 19.968935012817383,
"sdr": 20.290420862988885,
"sir": 31.235857468399285,
"sar": 20.65965562359611,
"stoi": 0.9698077451120719,
"pesq": 3.305428385734558,
"mix_path": "/mnt/data/wham/wav8k/min/tt/mix_clean/22gc0113_2.2322_421o030x_-2.2322.wav"
}