{
"input_si_sdr": -0.006071567535400391,
"input_sdr": 0.07489341335156241,
"input_sir": 0.07489341335159594,
"input_sar": 144.91162848739987,
"input_stoi": 0.7400462160829884,
"input_pesq": 1.7124899625778198,
"si_sdr": 17.263871669769287,
"sdr": 17.67249440274844,
"sir": 27.496808242999776,
"sar": 18.186143968081417,
"stoi": 0.9581483141155682,
"pesq": 2.86853289604187,
"mix_path": "/mnt/data/wham/wav8k/min/tt/mix_clean/443c020p_1.6886_420c020s_-1.6886.wav"
}