{
"input_si_sdr": 0.008094288408756256,
"input_sdr": 0.14155090222167777,
"input_sir": 0.1415509022217043,
"input_sar": 144.66044146606538,
"input_stoi": 0.7419169898453253,
"input_pesq": 1.6179928183555603,
"si_sdr": 16.798707962036133,
"sdr": 17.16656936864286,
"sir": 27.493260795028434,
"sar": 17.597181851588154,
"stoi": 0.9764277318659715,
"pesq": 3.5116225481033325,
"mix_path": "/mnt/data/wham/wav8k/min/tt/mix_clean/423a0106_0.50179_050o0208_-0.50179.wav"
}