{
"input_si_sdr": -0.05802512168884277,
"input_sdr": 0.12752966869109283,
"input_sir": 0.12752966869111826,
"input_sar": 145.05508998697516,
"input_stoi": 0.7347554929452554,
"input_pesq": 1.5648742318153381,
"si_sdr": 5.719218492507935,
"sdr": 6.217958569875703,
"sir": 12.944828663854128,
"sar": 7.679905912698976,
"stoi": 0.842480218342444,
"pesq": 1.882794439792633,
"mix_path": "/mnt/data/wham/wav8k/min/tt/mix_clean/442o030q_0.61898_421c020h_-0.61898.wav"
}