{
"input_si_sdr": 0.08572006225585938,
"input_sdr": 0.16955058141164914,
"input_sir": 0.1695505814116891,
"input_sar": 144.786691105214,
"input_stoi": 0.7209515801771351,
"input_pesq": 1.7553266286849976,
"si_sdr": 17.126802921295166,
"sdr": 17.391794077619387,
"sir": 29.032790745554422,
"sar": 17.717698598512477,
"stoi": 0.974291812294197,
"pesq": 3.20803439617157,
"mix_path": "/mnt/data/wham/wav8k/min/tt/mix_clean/440o030i_1.8356_22ga010u_-1.8356.wav"
}