{
"input_si_sdr": 0.2053680717945099,
"input_sdr": 0.7975038720258665,
"input_sir": 0.7975038720259191,
"input_sar": 143.27887016644937,
"input_stoi": 0.7508140994313159,
"input_pesq": 1.7469642162322998,
"si_sdr": 15.953422546386719,
"sdr": 17.14869106046264,
"sir": 24.12270273918487,
"sar": 18.140637629585164,
"stoi": 0.9637698940194435,
"pesq": 3.3629380464553833,
"mix_path": "/mnt/data/wham/wav8k/min/tt/mix_clean/050a0512_0.3958_441c020v_-0.3958.wav"
}