{
"input_si_sdr": -0.0020409822463989258,
"input_sdr": 0.10487152977460568,
"input_sir": 0.10487152977464265,
"input_sar": 144.56073315024622,
"input_stoi": 0.729477376756677,
"input_pesq": 1.4706081748008728,
"si_sdr": 18.01584815979004,
"sdr": 18.673043849913803,
"sir": 27.410646149575072,
"sar": 19.31091087983455,
"stoi": 0.9754713874611276,
"pesq": 3.215004324913025,
"mix_path": "/mnt/data/wham/wav8k/min/tt/mix_clean/443c020b_0.91101_050o0208_-0.91101.wav"
}