{
"input_si_sdr": -0.02576589584350586,
"input_sdr": 0.002787052726858086,
"input_sir": 0.002787052726893169,
"input_sar": 145.3694843722062,
"input_stoi": 0.8593712578894389,
"input_pesq": 2.5349113941192627,
"si_sdr": 10.044989824295044,
"sdr": 11.852451840816776,
"sir": 19.713264834204313,
"sar": 14.439784645227096,
"stoi": 0.9518915540866778,
"pesq": 3.052569270133972,
"mix_path": "/mnt/data/wham/wav8k/min/tt/mix_clean/22gc010c_1.5379_443c020x_-1.5379.wav"
}