{
"input_si_sdr": 0.1233975887298584,
"input_sdr": 0.23130535973370359,
"input_sir": 0.23130535973374444,
"input_sar": 144.91519850522423,
"input_stoi": 0.7240276838795321,
"input_pesq": 1.6972540616989136,
"si_sdr": 18.484889030456543,
"sdr": 18.803615823095395,
"sir": 31.0207872496394,
"sar": 19.151707330911876,
"stoi": 0.9684407957798022,
"pesq": 3.2021756172180176,
"mix_path": "/mnt/data/wham/wav8k/min/tt/mix_clean/053c0106_2.1261_447c020s_-2.1261.wav"
}