{
"input_si_sdr": 0.040093302726745605,
"input_sdr": 0.09388265271539309,
"input_sir": 0.09388265271542462,
"input_sar": 144.62416388153497,
"input_stoi": 0.717429681097219,
"input_pesq": 1.850073218345642,
"si_sdr": -2.5251559615135193,
"sdr": -2.043360062416353,
"sir": 0.8091828966208161,
"sar": 4.004094639427775,
"stoi": 0.6263409234353846,
"pesq": 1.4588996171951294,
"mix_path": "/mnt/data/wham/wav8k/min/tt/mix_clean/447c020j_1.4913_22ga0109_-1.4913.wav"
}