{
"input_si_sdr": -0.020165681838989258,
"input_sdr": 0.15905084464747166,
"input_sir": 0.15905084464750985,
"input_sar": 144.57613422626753,
"input_stoi": 0.6872585090723933,
"input_pesq": 1.4625771641731262,
"si_sdr": 16.150134563446045,
"sdr": 16.436218006463918,
"sir": 26.913154420184622,
"sar": 16.85749899468873,
"stoi": 0.9756762590685621,
"pesq": 3.233849287033081,
"mix_path": "/mnt/data/wham/wav8k/min/tt/mix_clean/441c0202_1.8694_052a050n_-1.8694.wav"
}