{
"input_si_sdr": 0.055414438247680664,
"input_sdr": 0.31662554140873667,
"input_sir": 0.3166255414087771,
"input_sar": 145.15421740843908,
"input_stoi": 0.6894847650386169,
"input_pesq": 1.681565523147583,
"si_sdr": 16.280073642730713,
"sdr": 16.70244372887109,
"sir": 26.097349794616413,
"sar": 17.247986182367747,
"stoi": 0.9379556409669078,
"pesq": 3.372894287109375,
"mix_path": "/mnt/data/wham/wav8k/min/tr/mix_clean/01fc020f_2.3576_01uc0214_-2.3576.wav"
}