{
"input_si_sdr": 0.0946798324584961,
"input_sdr": 0.381405816833285,
"input_sir": 0.3814058168333232,
"input_sar": 145.14292263353678,
"input_stoi": 0.7329508797384021,
"input_pesq": 1.8155778646469116,
"si_sdr": 16.579092502593994,
"sdr": 16.979327108094303,
"sir": 26.473132079158724,
"sar": 17.50969492721429,
"stoi": 0.9645682668602986,
"pesq": 3.157338500022888,
"mix_path": "/mnt/data/wham/wav8k/min/tr/mix_clean/012a0109_2.136_015c021b_-2.136.wav"
}