{
"input_si_sdr": -0.07297825813293457,
"input_sdr": 0.07001431527682911,
"input_sir": 0.07001431527685775,
"input_sar": 144.34221153491757,
"input_stoi": 0.780908706358398,
"input_pesq": 1.5760759115219116,
"si_sdr": 11.63027286529541,
"sdr": 11.941895927169107,
"sir": 22.816134234189423,
"sar": 12.3573202948468,
"stoi": 0.9646560454497771,
"pesq": 2.7813225984573364,
"mix_path": "/mnt/data/wham/wav8k/min/tt/mix_clean/442c020s_0.5317_22ho010x_-0.5317.wav"
}