{
"input_si_sdr": 0.11579397320747375,
"input_sdr": 0.2122132437674686,
"input_sir": 0.212213243767508,
"input_sar": 143.8498618263896,
"input_stoi": 0.7516520054257263,
"input_pesq": 1.8390733003616333,
"si_sdr": 18.71091651916504,
"sdr": 19.017590173926127,
"sir": 30.35640309633837,
"sar": 19.37537205421262,
"stoi": 0.9800694504312473,
"pesq": 3.4400874376296997,
"mix_path": "/mnt/data/wham/wav8k/min/tt/mix_clean/445o030l_1.4247_052a0509_-1.4247.wav"
}