{
"input_si_sdr": 0.07807087898254395,
"input_sdr": 0.1538599578964317,
"input_sir": 0.15385995789645657,
"input_sar": 144.35337130399324,
"input_stoi": 0.7234669998588459,
"input_pesq": 1.6749123334884644,
"si_sdr": 7.713284015655518,
"sdr": 8.166440436772405,
"sir": 16.97979189174184,
"sar": 9.13403161942286,
"stoi": 0.9253123335718263,
"pesq": 2.7067978382110596,
"mix_path": "/mnt/data/wham/wav8k/min/tt/mix_clean/422a010d_1.293_421c020d_-1.293.wav"
}