{
"input_si_sdr": -0.02167987823486328,
"input_sdr": 0.09627059216324207,
"input_sir": 0.09627059216328426,
"input_sar": 144.42966436617337,
"input_stoi": 0.7107782413648662,
"input_pesq": 1.6950033903121948,
"si_sdr": 17.737902641296387,
"sdr": 17.990500976759115,
"sir": 29.262039111827043,
"sar": 18.34708667436124,
"stoi": 0.9784070909250839,
"pesq": 3.197846293449402,
"mix_path": "/mnt/data/wham/wav8k/min/tt/mix_clean/440c020j_1.7413_422c0203_-1.7413.wav"
}