{
"input_si_sdr": 0.04441380500793457,
"input_sdr": 0.17656752207721382,
"input_sir": 0.17656752207725246,
"input_sar": 144.14291048473424,
"input_stoi": 0.7508781818818178,
"input_pesq": 1.5674089193344116,
"si_sdr": 16.042834281921387,
"sdr": 16.37642051917117,
"sir": 27.45836852992995,
"sar": 16.737418434496398,
"stoi": 0.9679962181239021,
"pesq": 3.0182121992111206,
"mix_path": "/mnt/data/wham/wav8k/min/tt/mix_clean/444c0203_1.2986_053c010n_-1.2986.wav"
}