{
"input_si_sdr": 0.20570158958435059,
"input_sdr": 0.36461467150432725,
"input_sir": 0.3646146715043628,
"input_sar": 145.355674297405,
"input_stoi": 0.7079888566847383,
"input_pesq": 1.616660714149475,
"si_sdr": 16.379401206970215,
"sdr": 16.670827988105508,
"sir": 28.427821041565302,
"sar": 16.979118556898793,
"stoi": 0.9682584854248315,
"pesq": 3.018143892288208,
"mix_path": "/mnt/data/wham/wav8k/min/tt/mix_clean/446c0212_2.0769_442o030u_-2.0769.wav"
}