{
"input_si_sdr": 0.15323124825954437,
"input_sdr": 0.2812008845657482,
"input_sir": 0.28120088456578174,
"input_sar": 144.86852935496273,
"input_stoi": 0.7482812188265311,
"input_pesq": 1.8854620456695557,
"si_sdr": 13.931422233581543,
"sdr": 14.202486825962424,
"sir": 24.682550051739224,
"sar": 14.627632228015184,
"stoi": 0.9649100042303655,
"pesq": 2.9933109283447266,
"mix_path": "/mnt/data/wham/wav8k/min/tt/mix_clean/443c020d_0.18285_22ha010t_-0.18285.wav"
}