{
"input_si_sdr": 0.06005525588989258,
"input_sdr": 0.23544676189035102,
"input_sir": 0.23544676189039226,
"input_sar": 144.73808455694365,
"input_stoi": 0.7317567847739574,
"input_pesq": 1.595948874950409,
"si_sdr": 15.247089385986328,
"sdr": 15.65429710582239,
"sir": 24.441243367652916,
"sar": 16.295678862116517,
"stoi": 0.9791458598055758,
"pesq": 3.250182867050171,
"mix_path": "/mnt/data/wham/wav8k/min/tt/mix_clean/445c0203_0.37826_423o0306_-0.37826.wav"
}