{
"input_si_sdr": -0.02219104766845703,
"input_sdr": 0.026600062572541328,
"input_sir": 0.02660006257257863,
"input_sar": 144.37984735373368,
"input_stoi": 0.7211473499794825,
"input_pesq": 1.6024763584136963,
"si_sdr": 7.988459825515747,
"sdr": 8.556298099049675,
"sir": 17.332315533955214,
"sar": 9.471816278248244,
"stoi": 0.9481925522274639,
"pesq": 2.5747488737106323,
"mix_path": "/mnt/data/wham/wav8k/min/tt/mix_clean/422o0305_1.8423_420o030u_-1.8423.wav"
}