{
"input_si_sdr": 0.09724211692810059,
"input_sdr": 0.5585865006871109,
"input_sir": 0.5585865006871487,
"input_sar": 145.2937376705955,
"input_stoi": 0.7386542009491595,
"input_pesq": 1.814687728881836,
"si_sdr": 1.7155600786209106,
"sdr": 2.3943218657972767,
"sir": 7.393414155793026,
"sar": 4.959781316103794,
"stoi": 0.6767217237513635,
"pesq": 1.522523045539856,
"mix_path": "/mnt/data/wham/wav8k/min/tt/mix_clean/445o030u_2.0928_420o030z_-2.0928.wav"
}