{
"input_si_sdr": 0.07520925998687744,
"input_sdr": 0.16026249428980366,
"input_sir": 0.16026249428983297,
"input_sar": 144.67215294380028,
"input_stoi": 0.7306042900970324,
"input_pesq": 1.745230793952942,
"si_sdr": 18.326037406921387,
"sdr": 18.691923864041485,
"sir": 29.210398777794317,
"sar": 19.103878995677952,
"stoi": 0.960320440802835,
"pesq": 3.2738120555877686,
"mix_path": "/mnt/data/wham/wav8k/min/tt/mix_clean/051c010q_1.2046_22ga010y_-1.2046.wav"
}