{
"input_si_sdr": -0.056666672229766846,
"input_sdr": 0.19553010233875,
"input_sir": 0.1955301023387882,
"input_sar": 143.8638099965837,
"input_stoi": 0.7400998339479823,
"input_pesq": 1.5141489505767822,
"si_sdr": 16.44603443145752,
"sdr": 17.04149975925924,
"sir": 25.783844195959382,
"sar": 17.694951679273277,
"stoi": 0.9569889747869944,
"pesq": 3.1618454456329346,
"mix_path": "/mnt/data/wham/wav8k/min/tt/mix_clean/447o0310_0.27001_445o030u_-0.27001.wav"
}