{
"input_si_sdr": -0.18146061897277832,
"input_sdr": -0.01587352224615879,
"input_sir": -0.015873522246109495,
"input_sar": 143.65796813787608,
"input_stoi": 0.690440947157015,
"input_pesq": 2.1846991777420044,
"si_sdr": 14.599381446838379,
"sdr": 15.098293819354367,
"sir": 23.492380581640365,
"sar": 15.800145814329099,
"stoi": 0.8262012910298362,
"pesq": 3.343757748603821,
"mix_path": "/mnt/data/wham/wav8k/min/cv/mix_clean/01tc0203_0.87633_019c021e_-0.87633.wav"
}