{
"input_si_sdr": 0.020305514335632324,
"input_sdr": 0.33935573287738197,
"input_sir": 0.33935573287742393,
"input_sar": 144.12671542476204,
"input_stoi": 0.7564949775888965,
"input_pesq": 1.7586285471916199,
"si_sdr": 7.881144762039185,
"sdr": 8.223712447255657,
"sir": 17.863966249613533,
"sar": 8.944834455540981,
"stoi": 0.8379762294714483,
"pesq": 1.7923168540000916,
"mix_path": "/mnt/data/wham/wav8k/min/tt/mix_clean/443o030m_0.79886_440o0304_-0.79886.wav"
}