{
"input_si_sdr": 0.02217179536819458,
"input_sdr": 0.1361152103998131,
"input_sir": 0.13611521039985486,
"input_sar": 144.9480959865724,
"input_stoi": 0.683262470365739,
"input_pesq": 1.4739429354667664,
"si_sdr": 16.171645164489746,
"sdr": 16.651396458750437,
"sir": 26.516580138601164,
"sar": 17.213103711104917,
"stoi": 0.9392149544216355,
"pesq": 3.0889923572540283,
"mix_path": "/mnt/data/wham/wav8k/min/cv/mix_clean/02co030k_0.24516_01ma010t_-0.24516.wav"
}