{
"input_si_sdr": 0.11806678771972656,
"input_sdr": 0.16529073141467787,
"input_sir": 0.16529073141470052,
"input_sar": 145.01156341389964,
"input_stoi": 0.7745803600292034,
"input_pesq": 1.8326817750930786,
"si_sdr": 19.03858184814453,
"sdr": 19.335770283924834,
"sir": 30.78754010881753,
"sar": 19.66222902450027,
"stoi": 0.9675087211051308,
"pesq": 3.359183669090271,
"mix_path": "/mnt/data/wham/wav8k/min/tt/mix_clean/442c020b_1.7375_22ga0106_-1.7375.wav"
}