{
"input_si_sdr": 0.015869975090026855,
"input_sdr": 0.21463546730468708,
"input_sir": 0.21463546730471506,
"input_sar": 144.6793441779135,
"input_stoi": 0.7430608209793419,
"input_pesq": 1.7354889512062073,
"si_sdr": 14.994230270385742,
"sdr": 15.25191076594136,
"sir": 26.592904713483108,
"sar": 15.59310095306239,
"stoi": 0.9689024528221784,
"pesq": 3.1330411434173584,
"mix_path": "/mnt/data/wham/wav8k/min/tt/mix_clean/423c0216_1.4277_052c010v_-1.4277.wav"
}