{
"input_si_sdr": 0.03583848476409912,
"input_sdr": 0.41799959409013443,
"input_sir": 0.4179995940901715,
"input_sar": 144.4964621066695,
"input_stoi": 0.7509244211975791,
"input_pesq": 1.6478450298309326,
"si_sdr": 16.370912075042725,
"sdr": 16.771568372969455,
"sir": 26.258280181651273,
"sar": 17.30106056050007,
"stoi": 0.9677476822533838,
"pesq": 3.0710411071777344,
"mix_path": "/mnt/data/wham/wav8k/min/tt/mix_clean/440o030u_0.47115_441c020f_-0.47115.wav"
}