{
"input_si_sdr": 0.05294489860534668,
"input_sdr": 0.12604499000080738,
"input_sir": 0.1260449900008398,
"input_sar": 144.7790058529286,
"input_stoi": 0.7182590323250142,
"input_pesq": 1.7938284277915955,
"si_sdr": 18.681248664855957,
"sdr": 18.927346682618985,
"sir": 30.092610444980032,
"sar": 19.278697040309197,
"stoi": 0.9735910415880507,
"pesq": 3.147403836250305,
"mix_path": "/mnt/data/wham/wav8k/min/tt/mix_clean/051c010l_1.9798_442c020h_-1.9798.wav"
}