{
"input_si_sdr": -0.0260736346244812,
"input_sdr": 0.11968784981375824,
"input_sir": 0.11968784981378777,
"input_sar": 144.27014975133895,
"input_stoi": 0.7159587494310292,
"input_pesq": 1.7543808221817017,
"si_sdr": 0.4329415559768677,
"sdr": 1.147603770933908,
"sir": 4.907973051587959,
"sar": 4.844408085363611,
"stoi": 0.756721557400564,
"pesq": 1.7007038593292236,
"mix_path": "/mnt/data/wham/wav8k/min/tt/mix_clean/446o031a_0.31989_443c0213_-0.31989.wav"
}