{
"input_si_sdr": 0.0023887157440185547,
"input_sdr": 0.08562596228322006,
"input_sir": 0.08562596228326802,
"input_sar": 143.4787982700612,
"input_stoi": 0.753464759744038,
"input_pesq": 1.872435986995697,
"si_sdr": 18.290793418884277,
"sdr": 18.57881470789608,
"sir": 30.064721119478612,
"sar": 18.92765426651782,
"stoi": 0.9765329860113245,
"pesq": 3.3981322050094604,
"mix_path": "/mnt/data/wham/wav8k/min/tt/mix_clean/423o0305_1.2812_052c010x_-1.2812.wav"
}