{
"input_si_sdr": -0.011441707611083984,
"input_sdr": 0.053377401962848126,
"input_sir": 0.05337740196289964,
"input_sar": 143.25084888390654,
"input_stoi": 0.7153891851329455,
"input_pesq": 1.5780457258224487,
"si_sdr": 15.982317924499512,
"sdr": 16.21677252012393,
"sir": 27.762506463599532,
"sar": 16.583796773521755,
"stoi": 0.9547367829386151,
"pesq": 3.07961106300354,
"mix_path": "/mnt/data/wham/wav8k/min/tt/mix_clean/053o020l_1.9853_420o030b_-1.9853.wav"
}