{
"input_si_sdr": 8.845329284667969e-05,
"input_sdr": 0.3436961231062088,
"input_sir": 0.34369612310627096,
"input_sar": 143.1857423332957,
"input_stoi": 0.7137302151650315,
"input_pesq": 1.7972654104232788,
"si_sdr": 16.661049842834473,
"sdr": 16.95960333737173,
"sir": 27.85524372792785,
"sar": 17.353706344479804,
"stoi": 0.959281575334056,
"pesq": 3.2413980960845947,
"mix_path": "/mnt/data/wham/wav8k/min/tt/mix_clean/440o0312_2.219_422a010o_-2.219.wav"
}