{
"input_si_sdr": -0.012103796005249023,
"input_sdr": 0.15762245113805612,
"input_sir": 0.15762245113807682,
"input_sar": 144.82597336585584,
"input_stoi": 0.7897146235856112,
"input_pesq": 1.8620914816856384,
"si_sdr": 14.969598770141602,
"sdr": 15.562320808378935,
"sir": 25.303438363436733,
"sar": 16.207025021753445,
"stoi": 0.9572074799755669,
"pesq": 3.2324116230010986,
"mix_path": "/mnt/data/wham/wav8k/min/tt/mix_clean/440c020t_0.52025_420a010x_-0.52025.wav"
}