{
"input_si_sdr": 0.07619845867156982,
"input_sdr": 0.33760670480627386,
"input_sir": 0.3376067048063185,
"input_sar": 143.60342175195748,
"input_stoi": 0.8139027772833636,
"input_pesq": 1.9822835326194763,
"si_sdr": 16.84007453918457,
"sdr": 17.249802137467817,
"sir": 27.859870064239423,
"sar": 17.6934688911533,
"stoi": 0.9816974643944439,
"pesq": 3.465521812438965,
"mix_path": "/mnt/data/wham/wav8k/min/tt/mix_clean/052c010d_1.5157_443o0313_-1.5157.wav"
}