{
"input_si_sdr": 0.03760552406311035,
"input_sdr": 0.18171418507153358,
"input_sir": 0.18171418507158243,
"input_sar": 144.6417973060266,
"input_stoi": 0.7383046762961608,
"input_pesq": 1.620810866355896,
"si_sdr": 16.02951192855835,
"sdr": 16.452782852510474,
"sir": 26.62789847500018,
"sar": 16.914714363674978,
"stoi": 0.9764451849881883,
"pesq": 3.2238101959228516,
"mix_path": "/mnt/data/wham/wav8k/min/tt/mix_clean/445c020n_1.8528_443o030h_-1.8528.wav"
}