{
"input_si_sdr": 0.04969930648803711,
"input_sdr": 0.18420031914794333,
"input_sir": 0.1842003191479722,
"input_sar": 144.8950396362836,
"input_stoi": 0.694451356437485,
"input_pesq": 1.6643105149269104,
"si_sdr": 5.98304009437561,
"sdr": 6.235873918651292,
"sir": 17.073934975717936,
"sar": 7.030749929801859,
"stoi": 0.8889691872398059,
"pesq": 2.01922869682312,
"mix_path": "/mnt/data/wham/wav8k/min/tt/mix_clean/22go010q_1.1763_440c0201_-1.1763.wav"
}