{
"input_si_sdr": 0.027187108993530273,
"input_sdr": 0.1366091918177741,
"input_sir": 0.13660919181782005,
"input_sar": 143.8136601730354,
"input_stoi": 0.7004116745326565,
"input_pesq": 1.5033557415008545,
"si_sdr": 17.598444938659668,
"sdr": 18.06560318873071,
"sir": 27.691495365707716,
"sar": 18.601685110738806,
"stoi": 0.9670073245109394,
"pesq": 3.217789649963379,
"mix_path": "/mnt/data/wham/wav8k/min/tt/mix_clean/053o020k_1.3781_22go0111_-1.3781.wav"
}