{
"input_si_sdr": 0.055455565452575684,
"input_sdr": 0.14194235321101778,
"input_sir": 0.14194235321104065,
"input_sar": 145.27405215941212,
"input_stoi": 0.7017827684483804,
"input_pesq": 1.6503705382347107,
"si_sdr": 18.646716117858887,
"sdr": 18.950949362382115,
"sir": 29.58761304582871,
"sar": 19.35685137634283,
"stoi": 0.9775717229468655,
"pesq": 3.159534454345703,
"mix_path": "/mnt/data/wham/wav8k/min/tt/mix_clean/051c010l_1.9798_442c020h_-1.9798.wav"
}