{
"input_si_sdr": 0.13671278953552246,
"input_sdr": 0.3079679556805255,
"input_sir": 0.3079679556805588,
"input_sar": 144.9374948371069,
"input_stoi": 0.7600985373767964,
"input_pesq": 1.7808632254600525,
"si_sdr": 10.985058784484863,
"sdr": 11.676206308959664,
"sir": 19.026120418232473,
"sar": 12.822460709660916,
"stoi": 0.9448695709971966,
"pesq": 2.6571091413497925,
"mix_path": "/mnt/data/wham/wav8k/min/tt/mix_clean/22hc010q_2.055_22gc0107_-2.055.wav"
}