{
"input_si_sdr": -0.13286972045898438,
"input_sdr": 0.109827153630222,
"input_sir": 0.10982715363026463,
"input_sar": 143.70045095688312,
"input_stoi": 0.7005790208230809,
"input_pesq": 1.707716941833496,
"si_sdr": 18.372211456298828,
"sdr": 18.83521407344499,
"sir": 28.176949621419176,
"sar": 19.380050475775832,
"stoi": 0.9795786777034241,
"pesq": 3.0940439701080322,
"mix_path": "/mnt/data/wham/wav8k/min/tt/mix_clean/442c020m_1.7038_443c0207_-1.7038.wav"
}