{
"input_si_sdr": 0.018865585327148438,
"input_sdr": 0.06901788892784477,
"input_sir": 0.06901788892788374,
"input_sar": 143.59025157122034,
"input_stoi": 0.6813125889128924,
"input_pesq": 1.5762144923210144,
"si_sdr": 15.481671333312988,
"sdr": 15.869431850701691,
"sir": 25.423102906782066,
"sar": 16.40738692388661,
"stoi": 0.9542132268652193,
"pesq": 2.805330991744995,
"mix_path": "/mnt/data/wham/wav8k/min/tt/mix_clean/422c0215_0.49701_445c0216_-0.49701.wav"
}