{
"input_si_sdr": -0.1939249038696289,
"input_sdr": 0.062127828974190114,
"input_sir": 0.06212782897422697,
"input_sar": 144.23789599511525,
"input_stoi": 0.7203362034852657,
"input_pesq": 1.613606333732605,
"si_sdr": 17.58395481109619,
"sdr": 18.05006332785365,
"sir": 27.394308152915304,
"sar": 18.59829707294096,
"stoi": 0.9850544967245898,
"pesq": 3.348512053489685,
"mix_path": "/mnt/data/wham/wav8k/min/tt/mix_clean/445c0207_0.29871_052o020h_-0.29871.wav"
}