{
"input_si_sdr": 0.028149127960205078,
"input_sdr": 0.15109104033014964,
"input_sir": 0.1510910403301708,
"input_sar": 144.89122580687916,
"input_stoi": 0.7178163832006375,
"input_pesq": 1.599277138710022,
"si_sdr": 19.083293914794922,
"sdr": 19.376235432506704,
"sir": 30.187015165321924,
"sar": 19.759935974444744,
"stoi": 0.9568062920227058,
"pesq": 3.562618613243103,
"mix_path": "/mnt/data/wham/wav8k/min/tt/mix_clean/050a050c_0.050237_442c020j_-0.050237.wav"
}