{
"input_si_sdr": -0.09324067831039429,
"input_sdr": -0.020867021672006825,
"input_sir": -0.020867021671979402,
"input_sar": 144.46464973690235,
"input_stoi": 0.6877504674202288,
"input_pesq": 1.4851884841918945,
"si_sdr": 10.02798318862915,
"sdr": 10.426000476878038,
"sir": 20.083158731682722,
"sar": 11.131355675191429,
"stoi": 0.8888914794541964,
"pesq": 2.3518030643463135,
"mix_path": "/mnt/data/wham/wav8k/min/tt/mix_clean/053a050q_0.38943_050a050s_-0.38943.wav"
}