{
"input_si_sdr": 0.11937230825424194,
"input_sdr": 0.20590195084249208,
"input_sir": 0.20590195084253005,
"input_sar": 145.23056841286876,
"input_stoi": 0.7703618081984804,
"input_pesq": 1.6472657322883606,
"si_sdr": 17.315144538879395,
"sdr": 17.507383101427017,
"sir": 31.035530070282803,
"sar": 17.708364744042342,
"stoi": 0.9823926921764066,
"pesq": 3.2831082344055176,
"mix_path": "/mnt/data/wham/wav8k/min/tt/mix_clean/444o0304_0.82792_446c020v_-0.82792.wav"
}