{
"input_si_sdr": 0.034157633781433105,
"input_sdr": 0.18950006163846345,
"input_sir": 0.18950006163850475,
"input_sar": 144.05933463481784,
"input_stoi": 0.7790534566767742,
"input_pesq": 1.653831124305725,
"si_sdr": 16.071969985961914,
"sdr": 16.482535343017986,
"sir": 26.707091642226878,
"sar": 16.93863706931605,
"stoi": 0.9613785535850483,
"pesq": 3.1032387018203735,
"mix_path": "/mnt/data/wham/wav8k/min/tt/mix_clean/050c010s_2.3259_445o030w_-2.3259.wav"
}