{
"input_si_sdr": 0.3149905502796173,
"input_sdr": 0.6054072476767682,
"input_sir": 0.6054072476768069,
"input_sar": 143.9900033190639,
"input_stoi": 0.7356280389519816,
"input_pesq": 1.5294913053512573,
"si_sdr": 6.542568683624268,
"sdr": 7.464834786906671,
"sir": 14.541453091595933,
"sar": 8.982511393258115,
"stoi": 0.8770709748657673,
"pesq": 2.032223343849182,
"mix_path": "/mnt/data/wham/wav8k/min/tt/mix_clean/420o030e_0.3113_421a0106_-0.3113.wav"
}