{
"input_si_sdr": -0.04146742820739746,
"input_sdr": 0.2800082801977475,
"input_sir": 0.28000828019779744,
"input_sar": 143.49384835524958,
"input_stoi": 0.7163955637718709,
"input_pesq": 1.6927972435951233,
"si_sdr": 15.845871925354004,
"sdr": 16.359563315292046,
"sir": 25.596340874381326,
"sar": 16.92840469726365,
"stoi": 0.9675402438176228,
"pesq": 3.261446714401245,
"mix_path": "/mnt/data/wham/wav8k/min/tt/mix_clean/422o030x_1.239_050o0212_-1.239.wav"
}