{
"input_si_sdr": 0.046585142612457275,
"input_sdr": 0.16168310640801498,
"input_sir": 0.16168310640805073,
"input_sar": 144.43794817444635,
"input_stoi": 0.7294615592363509,
"input_pesq": 1.8478138446807861,
"si_sdr": 6.523168563842773,
"sdr": 7.0323808470356335,
"sir": 17.381617020898695,
"sar": 8.191874656330452,
"stoi": 0.954754916622883,
"pesq": 2.7193586826324463,
"mix_path": "/mnt/data/wham/wav8k/min/tt/mix_clean/422a010h_1.1401_443o030l_-1.1401.wav"
}