{
"input_si_sdr": 0.006190121173858643,
"input_sdr": 0.08156787243773378,
"input_sir": 0.08156787243776112,
"input_sar": 145.093018291445,
"input_stoi": 0.7130693150775229,
"input_pesq": 1.5559041500091553,
"si_sdr": 17.337743759155273,
"sdr": 17.676240008155425,
"sir": 27.911784651190267,
"sar": 18.128263151298775,
"stoi": 0.9819770023852008,
"pesq": 3.5700613260269165,
"mix_path": "/mnt/data/wham/wav8k/min/cv/mix_clean/029a0111_0.18291_40go030x_-0.18291.wav"
}