{
"input_si_sdr": -0.09900283813476562,
"input_sdr": 0.046627295066744345,
"input_sir": 0.04662729506677721,
"input_sar": 145.17866714817865,
"input_stoi": 0.6706580935373714,
"input_pesq": 1.6214344501495361,
"si_sdr": 17.205333709716797,
"sdr": 17.580210113597023,
"sir": 28.040099803554988,
"sar": 18.00398482693982,
"stoi": 0.9422855856398917,
"pesq": 3.3248711824417114,
"mix_path": "/mnt/data/wham/wav8k/min/tt/mix_clean/050a050c_1.7355_052c0112_-1.7355.wav"
}