{
"input_si_sdr": -0.015542380511760712,
"input_sdr": 0.1080613572345924,
"input_sir": 0.10806135723462355,
"input_sar": 145.24077983418954,
"input_stoi": 0.7329260550867099,
"input_pesq": 1.680066704750061,
"si_sdr": 12.059306144714355,
"sdr": 12.473680386540426,
"sir": 21.31694400361097,
"sar": 13.116044298611259,
"stoi": 0.9432783717140332,
"pesq": 2.919505476951599,
"mix_path": "/mnt/data/wham/wav8k/min/tt/mix_clean/22ho010c_0.56638_22ga010n_-0.56638.wav"
}