{
"input_si_sdr": 0.056172847747802734,
"input_sdr": 0.5567458893762867,
"input_sir": 0.5567458893763639,
"input_sar": 144.70101416414923,
"input_stoi": 0.7734978724049906,
"input_pesq": 1.7481025457382202,
"si_sdr": 12.817610740661621,
"sdr": 13.15324293907723,
"sir": 24.35342761973915,
"sar": 13.522983069193835,
"stoi": 0.9551699799840385,
"pesq": 2.854876756668091,
"mix_path": "/mnt/data/wham/wav8k/min/tt/mix_clean/050o020x_2.2523_444c020n_-2.2523.wav"
}