{
"input_si_sdr": 0.11454027891159058,
"input_sdr": 0.23875192309907545,
"input_sir": 0.2387519230991133,
"input_sar": 144.40993480651804,
"input_stoi": 0.7290872974527121,
"input_pesq": 1.6185604333877563,
"si_sdr": 17.917983055114746,
"sdr": 18.275492398828717,
"sir": 27.712560689416822,
"sar": 18.80873926067376,
"stoi": 0.9649909803375789,
"pesq": 3.4945379495620728,
"mix_path": "/mnt/data/wham/wav8k/min/tt/mix_clean/050a050l_0.87662_443o0310_-0.87662.wav"
}