{
"input_si_sdr": 0.1977645754814148,
"input_sdr": 0.8403003855742797,
"input_sir": 0.840300385574313,
"input_sar": 144.53270815339118,
"input_stoi": 0.7196283694904717,
"input_pesq": 1.4768162965774536,
"si_sdr": 8.791154861450195,
"sdr": 9.348420535208097,
"sir": 17.281226700551038,
"sar": 10.260855187982136,
"stoi": 0.8357249383976022,
"pesq": 1.7884719967842102,
"mix_path": "/mnt/data/wham/wav8k/min/tt/mix_clean/445c020z_1.0884_441c020w_-1.0884.wav"
}