{
"input_si_sdr": 0.014278173446655273,
"input_sdr": 0.12642059755433177,
"input_sir": 0.1264205975543713,
"input_sar": 143.5142480743635,
"input_stoi": 0.732233339404651,
"input_pesq": 1.6753302812576294,
"si_sdr": 18.14046001434326,
"sdr": 18.572675783342646,
"sir": 28.7688973182469,
"sar": 19.015680043388954,
"stoi": 0.9430413884494868,
"pesq": 3.5194495916366577,
"mix_path": "/mnt/data/wham/wav8k/min/tt/mix_clean/447o030d_2.1006_050a0506_-2.1006.wav"
}