{
"input_si_sdr": -0.06177830696105957,
"input_sdr": 0.033497214723243074,
"input_sir": 0.03349721472326106,
"input_sar": 145.0542635888399,
"input_stoi": 0.7327571189856672,
"input_pesq": 1.5445030331611633,
"si_sdr": 15.44403076171875,
"sdr": 15.710388541435863,
"sir": 26.402824038573115,
"sar": 16.11232910912723,
"stoi": 0.9672794648378438,
"pesq": 2.8992995023727417,
"mix_path": "/mnt/data/wham/wav8k/min/tt/mix_clean/423o030x_1.7925_22hc010i_-1.7925.wav"
}