{
"input_si_sdr": -0.010763466358184814,
"input_sdr": 0.041820015733775695,
"input_sir": 0.04182001573380245,
"input_sar": 144.6911341531546,
"input_stoi": 0.738401229234146,
"input_pesq": 1.5389841794967651,
"si_sdr": 16.811964988708496,
"sdr": 17.153705317479343,
"sir": 27.809237536179396,
"sar": 17.61907996376078,
"stoi": 0.9753220443301587,
"pesq": 3.3593034744262695,
"mix_path": "/mnt/data/wham/wav8k/min/cv/mix_clean/014o0304_0.97013_20oc0106_-0.97013.wav"
}