{
"input_si_sdr": -0.08179807662963867,
"input_sdr": 0.09713145950602975,
"input_sir": 0.09713145950607416,
"input_sar": 145.32757761289884,
"input_stoi": 0.7598807785257602,
"input_pesq": 1.7073032855987549,
"si_sdr": 16.052372455596924,
"sdr": 16.475328763711925,
"sir": 25.646331484084136,
"sar": 17.106167092622815,
"stoi": 0.9683921018854198,
"pesq": 3.3977681398391724,
"mix_path": "/mnt/data/wham/wav8k/min/tt/mix_clean/050a050e_1.6411_441o030s_-1.6411.wav"
}