{
"input_si_sdr": -0.08602714538574219,
"input_sdr": 0.07960771385766985,
"input_sir": 0.07960771385771026,
"input_sar": 143.69137113891773,
"input_stoi": 0.7314049309486708,
"input_pesq": 1.6148924827575684,
"si_sdr": 17.502532482147217,
"sdr": 17.857531828396823,
"sir": 27.850351581335687,
"sar": 18.333204967849184,
"stoi": 0.9767733686704874,
"pesq": 3.4809606075286865,
"mix_path": "/mnt/data/wham/wav8k/min/tt/mix_clean/22ga010o_1.5159_052c0102_-1.5159.wav"
}