{
"input_si_sdr": 0.09259206056594849,
"input_sdr": 0.2787213901578034,
"input_sir": 0.27872139015784164,
"input_sar": 144.386550112203,
"input_stoi": 0.7392278140515236,
"input_pesq": 1.5794661045074463,
"si_sdr": 17.993130683898926,
"sdr": 18.48189861280966,
"sir": 27.907362742136737,
"sar": 19.01678667080204,
"stoi": 0.9768845894611602,
"pesq": 3.0743082761764526,
"mix_path": "/mnt/data/wham/wav8k/min/tt/mix_clean/052c010s_1.6936_444c020s_-1.6936.wav"
}