{
"input_si_sdr": -0.034663617610931396,
"input_sdr": 0.16549507109913297,
"input_sir": 0.16549507109916362,
"input_sar": 144.86695852774398,
"input_stoi": 0.77641691906694,
"input_pesq": 1.7836436033248901,
"si_sdr": 17.138840675354004,
"sdr": 17.516612917194657,
"sir": 27.751844951824424,
"sar": 18.02472035649418,
"stoi": 0.9818207169828232,
"pesq": 3.4705047607421875,
"mix_path": "/mnt/data/wham/wav8k/min/tt/mix_clean/421o0314_1.4919_22go010z_-1.4919.wav"
}