{
"input_si_sdr": -0.21400320529937744,
"input_sdr": 0.349485743832493,
"input_sir": 0.34948574383254316,
"input_sar": 143.86469390644945,
"input_stoi": 0.7129140796184947,
"input_pesq": 1.600725531578064,
"si_sdr": 16.349639892578125,
"sdr": 17.087968888536924,
"sir": 25.409980327850107,
"sar": 17.83334378295678,
"stoi": 0.9714446173686475,
"pesq": 3.479530096054077,
"mix_path": "/mnt/data/wham/wav8k/min/tt/mix_clean/052o020c_1.4136_422c020g_-1.4136.wav"
}