{
"input_si_sdr": -0.03657174110412598,
"input_sdr": 0.161586742605357,
"input_sir": 0.16158674260539518,
"input_sar": 144.918576638046,
"input_stoi": 0.7219369353597602,
"input_pesq": 1.5500894784927368,
"si_sdr": 16.643264770507812,
"sdr": 16.969801509391175,
"sir": 27.681318444009108,
"sar": 17.372028722413447,
"stoi": 0.95110729732518,
"pesq": 3.1782788038253784,
"mix_path": "/mnt/data/wham/wav8k/min/tt/mix_clean/440o030n_2.3866_050c010o_-2.3866.wav"
}